Customer_ID,Age,Gender,Region,Annual_Spending,Purchase_Frequency,Discount_Usage_Pct,Returns_Count,Preferred_Category
CUST0001,27,Male,North,855,6,52.9,0,Health
CUST0002,47,Non-Binary,West,10791.93,21,24.5,4,Books
CUST0003,47,Female,North,7345.63,12,13.3,0,Beauty
CUST0004,55,Female,Central,18169.93,36,18.8,1,Books
CUST0005,54,Male,South,570.49,2,9.5,0,Sports
CUST0006,30,Non-Binary,Central,5266.6,15,11.3,2,Fashion
CUST0007,45,Female,North,5310.84,14,11.6,1,Electronics
CUST0008,47,Male,East,3330.88,19,24.7,3,Travel
CUST0009,48,Non-Binary,South,5806.28,14,31.9,1,Beauty
CUST0010,24,Female,West,2461.96,4,56.5,1,Health
CUST0011,37,Male,East,1829.24,6,5.7,0,Dining
CUST0012,48,Non-Binary,East,3790.63,10,12.9,2,Groceries
CUST0013,44,Male,West,1237.41,6,67,0,Health
CUST0014,37,Non-Binary,North,12355.77,39,31.3,1,Fashion
CUST0015,53,Female,East,276.91,2,39.3,1,Home & Living
CUST0016,51,Non-Binary,Central,146.83,2,21.1,0,Beauty
CUST0017,47,Male,Central,4100.87,11,11.9,0,Beauty
CUST0018,29,Male,West,5426.59,18,31.5,3,Home & Living
CUST0019,43,Non-Binary,West,15907.79,42,30.9,0,Fashion
CUST0020,31,Male,West,7307.5,13,18.5,1,Groceries
CUST0021,24,Female,South,245.16,3,70,0,Fashion
CUST0022,21,Female,East,1270.03,7,5.1,1,Sports
CUST0023,41,Non-Binary,Central,2406.38,8,15.1,1,Home & Living
CUST0024,21,Male,South,2444.8,4,37.7,0,Electronics
CUST0025,32,Male,Central,2284.79,5,62.9,0,Health
CUST0026,35,Male,West,5917.78,18,11.1,2,Home & Living
CUST0027,44,Female,Central,1459.69,6,5.6,0,Fashion
CUST0028,37,Female,Central,12188.11,24,9.7,4,Sports
CUST0029,34,Male,Central,65.43,1,12,0,Sports
CUST0030,28,Male,East,1247.71,9,21.3,0,Fashion
CUST0031,35,Male,North,17253.43,36,21.6,6,Dining
CUST0032,52,Female,North,152.96,1,29,0,Books
CUST0033,36,Non-Binary,Central,7664.51,10,12.5,0,Beauty
CUST0034,50,Non-Binary,West,7648.48,12,31.4,0,Groceries
CUST0035,28,Female,South,685.64,2,12,0,Travel
CUST0036,32,Female,East,7101.86,13,10.8,1,Sports
CUST0037,30,Male,North,1678.89,8,12.5,1,Groceries
CUST0038,33,Male,East,1560.17,6,38.2,1,Health
CUST0039,41,Non-Binary,North,803.72,8,53.2,0,Beauty
CUST0040,64,Non-Binary,East,142.85,1,38,1,Beauty
CUST0041,51,Female,East,13045.36,44,10.2,4,Books
CUST0042,45,Non-Binary,South,6928.01,19,18.3,1,Dining
CUST0043,32,Male,South,14185.42,41,27.5,4,Home & Living
CUST0044,44,Male,West,19807.23,24,23.9,1,Books
CUST0045,54,Non-Binary,North,16251.47,26,10.3,5,Dining
CUST0046,29,Female,Central,7240.83,17,25,2,Travel
CUST0047,46,Female,South,645.45,2,21.1,1,Dining
CUST0048,33,Female,South,6567.01,13,31.8,0,Groceries
CUST0049,33,Female,West,2353.42,4,40.3,1,Electronics
CUST0050,66,Non-Binary,West,137.03,1,36,1,Sports
CUST0051,27,Non-Binary,East,2000.94,8,22.7,1,Electronics
CUST0052,34,Non-Binary,North,1689.09,5,68.7,0,Books
CUST0053,26,Female,West,7333.39,12,14.8,1,Beauty
CUST0054,23,Non-Binary,North,698.32,2,53.7,0,Beauty
CUST0055,36,Non-Binary,North,8372.36,35,23.6,3,Groceries
CUST0056,67,Non-Binary,North,119.29,2,44.4,0,Groceries
CUST0057,42,Male,Central,11743.49,44,10.9,3,Fashion
CUST0058,40,Female,North,538.99,1,48,0,Dining
CUST0059,58,Non-Binary,Central,263.22,2,34.9,0,Books
CUST0060,49,Female,North,7040.19,18,18.1,2,Beauty
CUST0061,54,Female,South,346.07,2,29.6,0,Travel
CUST0062,33,Male,Central,6988.36,15,26,2,Dining
CUST0063,47,Male,North,16640.9,51,25.7,10,Travel
CUST0064,34,Non-Binary,West,5021.6,13,16.1,2,Dining
CUST0065,28,Non-Binary,Central,1573.63,7,20,0,Beauty
CUST0066,33,Male,East,4081.71,17,34.3,2,Fashion
CUST0067,29,Male,North,4511.04,18,34.2,2,Groceries
CUST0068,30,Female,West,1832.2,7,8.3,1,Fashion
CUST0069,34,Non-Binary,North,15553.35,23,21.9,2,Fashion
CUST0070,32,Non-Binary,East,563.18,3,29.7,1,Sports
CUST0071,23,Male,South,2140.58,9,18.5,0,Sports
CUST0072,38,Non-Binary,East,3375.25,10,22.8,1,Electronics
CUST0073,46,Male,West,7297.17,11,12.9,2,Health
CUST0074,24,Male,West,2224.15,6,15.8,1,Health
CUST0075,28,Non-Binary,West,1468.7,7,37.1,0,Health
CUST0076,32,Non-Binary,East,4251.59,11,30.1,2,Health
CUST0077,46,Male,West,17075.23,50,32.5,2,Health
CUST0078,41,Non-Binary,West,1697.96,6,15.5,1,Travel
CUST0079,40,Male,West,9056.72,36,28.2,0,Dining
CUST0080,45,Female,East,4808.54,17,6.5,2,Dining
CUST0081,58,Female,Central,490.34,1,20.6,0,Sports
CUST0082,44,Non-Binary,Central,19907.09,27,24.4,1,Travel
CUST0083,32,Female,North,7172.79,17,9.3,1,Health
CUST0084,50,Female,South,711.79,2,5.2,1,Health
CUST0085,44,Female,Central,1558.93,8,34.6,1,Home & Living
CUST0086,35,Male,West,6876.95,10,26.2,1,Books
CUST0087,33,Female,South,19584.24,41,18.2,8,Travel
CUST0088,48,Female,Central,781,1,22.2,1,Fashion
CUST0089,52,Male,West,143.39,2,9.4,1,Home & Living
CUST0090,46,Female,North,621.63,1,24.5,0,Electronics
CUST0091,41,Non-Binary,North,5153,13,25.5,0,Groceries
CUST0092,49,Non-Binary,East,571.21,1,14.3,1,Sports
CUST0093,51,Non-Binary,West,17655.6,38,7.2,5,Health
CUST0094,37,Female,Central,7225.67,13,8.2,1,Health
CUST0095,35,Male,East,93.99,2,61.2,0,Health
CUST0096,26,Female,East,1574.75,9,49.1,0,Fashion
CUST0097,32,Non-Binary,South,12378.33,28,14.8,3,Groceries
CUST0098,35,Female,North,419.15,3,21.7,1,Sports
CUST0099,61,Female,North,70.97,1,68.7,1,Fashion
CUST0100,43,Male,West,1800.07,9,43,1,Fashion
CUST0101,39,Male,North,2874.03,6,9.1,1,Sports
CUST0102,33,Non-Binary,East,8446.55,51,31.6,2,Books
CUST0103,55,Female,Central,153.78,2,15,1,Fashion
CUST0104,31,Non-Binary,Central,91.68,2,66.8,1,Fashion
CUST0105,28,Female,North,4990.3,13,29.7,0,Home & Living
CUST0106,31,Female,South,3629.49,19,28,1,Health
CUST0107,18,Male,South,672.4,3,69,0,Dining
CUST0108,31,Male,East,856.69,4,20.5,1,Electronics
CUST0109,53,Non-Binary,West,13051.53,27,18.4,2,Dining
CUST0110,34,Non-Binary,West,6074.92,18,33.9,0,Travel
CUST0111,32,Non-Binary,East,16548.82,48,14.7,2,Fashion
CUST0112,32,Non-Binary,North,2005.84,6,39.5,1,Dining
CUST0113,43,Non-Binary,West,15856.56,33,11.9,2,Travel
CUST0114,41,Male,North,13121.17,36,25.6,7,Fashion
CUST0115,50,Non-Binary,East,6722.2,15,6.8,2,Fashion
CUST0116,36,Male,South,113.02,1,27.9,0,Groceries
CUST0117,49,Non-Binary,Central,5780.77,11,11.8,1,Dining
CUST0118,35,Male,South,360.2,1,25.1,1,Beauty
CUST0119,43,Female,West,1681.32,5,7,0,Books
CUST0120,49,Male,Central,4557.88,15,22.9,0,Groceries
CUST0121,33,Female,East,1398.35,9,33.7,1,Home & Living
CUST0122,46,Male,North,16138.61,51,6.4,6,Health
CUST0123,49,Male,South,4055.96,12,14.8,0,Travel
CUST0124,42,Male,West,6517.65,18,29.2,0,Books
CUST0125,38,Male,West,971.22,6,31.3,1,Sports
CUST0126,62,Female,Central,75.61,2,10.7,0,Home & Living
CUST0127,43,Non-Binary,Central,1670.29,6,26.6,0,Fashion
CUST0128,48,Female,South,6880.36,15,24.4,1,Home & Living
CUST0129,30,Non-Binary,Central,6011.39,11,23.8,1,Health
CUST0130,30,Male,Central,2173.32,9,9.4,1,Sports
CUST0131,39,Non-Binary,Central,3370.88,17,16.1,2,Fashion
CUST0132,45,Male,Central,1817.5,8,7.7,0,Beauty
CUST0133,63,Non-Binary,West,117.13,2,47,0,Home & Living
CUST0134,29,Male,East,1149.08,6,55.3,0,Beauty
CUST0135,43,Non-Binary,Central,1650.05,6,67.7,0,Beauty
CUST0136,34,Male,East,12197.85,45,33.1,4,Dining
CUST0137,41,Female,North,2622.88,9,11.1,1,Dining
CUST0138,49,Male,East,7754.9,15,11.8,1,Groceries
CUST0139,36,Male,South,1986.96,9,26.9,0,Health
CUST0140,50,Female,South,6463.54,19,26.6,0,Books
CUST0141,27,Female,Central,2454.51,7,25.1,1,Home & Living
CUST0142,36,Male,East,1419.62,7,67.8,0,Health
CUST0143,23,Female,South,2722.18,8,38.5,0,Sports
CUST0144,27,Male,West,5566.25,16,11.7,3,Beauty
CUST0145,27,Male,South,4869.43,16,5.8,0,Beauty
CUST0146,49,Male,East,7147.98,12,18.5,0,Fashion
CUST0147,56,Male,North,528.73,3,12.2,1,Home & Living
CUST0148,39,Non-Binary,Central,6194.12,19,30.1,3,Health
CUST0149,25,Female,Central,3717.74,16,12.2,3,Groceries
CUST0150,55,Female,West,14312.71,52,21.6,6,Travel
CUST0151,36,Male,South,3081.19,11,24.7,0,Health
CUST0152,49,Non-Binary,North,4692.4,12,34.4,1,Groceries
CUST0153,30,Female,Central,474.15,2,18,0,Beauty
CUST0154,20,Male,East,130.91,2,17.4,1,Electronics
CUST0155,46,Non-Binary,East,461.73,2,30.1,0,Travel
CUST0156,27,Male,East,3412.97,16,34.9,1,Dining
CUST0157,44,Non-Binary,North,15931.03,39,17.8,7,Beauty
CUST0158,35,Non-Binary,East,411.18,2,56.4,0,Fashion
CUST0159,27,Male,North,606.97,1,49.1,1,Electronics
CUST0160,54,Male,West,419.43,2,15,1,Beauty
CUST0161,30,Non-Binary,West,1964.28,7,21.2,0,Electronics
CUST0162,49,Male,South,5807.8,14,18.4,2,Sports
CUST0163,52,Non-Binary,North,8888.62,31,7.6,5,Beauty
CUST0164,42,Male,North,2760.04,5,50.5,0,Beauty
CUST0165,19,Male,Central,341.8,2,42.2,1,Dining
CUST0166,46,Non-Binary,East,12777.92,50,17.3,9,Fashion
CUST0167,34,Male,Central,13590,42,28.4,2,Groceries
CUST0168,28,Female,North,510.34,2,65.8,0,Beauty
CUST0169,29,Non-Binary,Central,7780.8,14,23.4,0,Dining
CUST0170,35,Female,Central,6293.01,19,21.9,0,Fashion
CUST0171,39,Non-Binary,South,2486.54,7,37.4,1,Sports
CUST0172,30,Non-Binary,East,5267.27,10,19.5,0,Beauty
CUST0173,37,Male,West,7939.13,15,16.1,0,Beauty
CUST0174,26,Female,South,4239.35,11,16.5,2,Books
CUST0175,66,Male,West,157.45,1,69.7,1,Travel
CUST0176,37,Non-Binary,Central,12718.91,49,15.6,0,Sports
CUST0177,23,Female,North,1428.36,4,62.4,1,Books
CUST0178,47,Non-Binary,Central,14741.8,43,16.6,7,Dining
CUST0179,32,Non-Binary,Central,1082.93,4,69.1,1,Groceries
CUST0180,29,Non-Binary,Central,3201.23,10,29.1,2,Travel
CUST0181,35,Non-Binary,Central,19176.42,40,23.5,4,Health
CUST0182,35,Non-Binary,North,2358.52,6,28.9,0,Books
CUST0183,38,Non-Binary,South,2926.59,8,8.3,1,Groceries
CUST0184,31,Non-Binary,West,5862.28,11,14.4,0,Books
CUST0185,21,Male,East,751.39,3,38.7,1,Travel
CUST0186,31,Male,South,1972.35,8,61.4,1,Health
CUST0187,49,Female,West,4492.2,14,11.2,2,Travel
CUST0188,28,Female,South,2854.93,9,42.3,1,Books
CUST0189,41,Non-Binary,South,19463.76,25,24.7,5,Travel
CUST0190,29,Male,Central,5809.53,14,27.2,0,Home & Living
CUST0191,30,Non-Binary,West,915.43,7,11.5,0,Electronics
CUST0192,59,Non-Binary,North,180.88,2,67.7,1,Sports
CUST0193,21,Male,West,1976.8,9,16.4,0,Electronics
CUST0194,20,Non-Binary,West,193.36,2,41.9,0,Beauty
CUST0195,36,Non-Binary,West,1886.11,5,17.5,0,Beauty
CUST0196,50,Non-Binary,West,3930.81,15,25.2,1,Groceries
CUST0197,30,Male,West,5003.77,11,19.3,0,Electronics
CUST0198,34,Non-Binary,North,4334.7,15,22.2,2,Beauty
CUST0199,51,Non-Binary,East,11681.68,45,31.9,4,Fashion
CUST0200,29,Non-Binary,Central,7785.85,17,34.7,2,Books
CUST0201,56,Non-Binary,North,656.35,3,10.3,1,Dining
CUST0202,36,Non-Binary,North,17945.29,52,9.5,5,Dining
CUST0203,41,Non-Binary,West,5915.16,11,6.7,0,Dining
CUST0204,53,Female,North,13548.54,39,12.6,0,Home & Living
CUST0205,27,Non-Binary,South,3318.74,10,19.2,1,Books
CUST0206,41,Male,Central,146.24,2,29.9,1,Books
CUST0207,37,Female,East,1564.75,5,13.3,0,Electronics
CUST0208,32,Non-Binary,South,1997.24,8,21.1,1,Groceries
CUST0209,44,Male,North,219.3,3,65.9,0,Home & Living
CUST0210,42,Non-Binary,South,1781.72,9,20.9,0,Books
CUST0211,29,Non-Binary,Central,7317.79,10,13.7,2,Health
CUST0212,37,Male,East,690.21,1,69.1,0,Books
CUST0213,25,Non-Binary,West,2101.08,9,32.8,1,Electronics
CUST0214,34,Non-Binary,East,5081.21,12,27.6,1,Home & Living
CUST0215,47,Female,South,13556.3,23,17.5,4,Groceries
CUST0216,36,Non-Binary,West,6232.88,17,26.7,1,Electronics
CUST0217,26,Female,East,886.97,4,43.2,0,Travel
CUST0218,65,Male,West,52.28,1,70,1,Home & Living
CUST0219,34,Male,West,2505.36,7,28.4,1,Beauty
CUST0220,31,Non-Binary,East,632.73,2,31.9,0,Groceries
CUST0221,36,Non-Binary,West,136.29,2,26.4,1,Health
CUST0222,44,Male,East,2305.98,6,67.8,1,Travel
CUST0223,47,Male,North,14558.56,31,33.7,4,Electronics
CUST0224,27,Non-Binary,North,7211.88,13,5.3,2,Travel
CUST0225,41,Non-Binary,Central,2853.65,7,5.4,1,Electronics
CUST0226,41,Male,Central,7886.42,10,25.2,0,Fashion
CUST0227,36,Male,Central,6098.28,14,16.9,1,Books
CUST0228,59,Female,West,83.65,1,47.2,0,Fashion
CUST0229,42,Male,Central,923.4,4,37.5,1,Beauty
CUST0230,40,Female,South,7505.46,19,32.7,2,Dining
CUST0231,54,Male,Central,10485.9,29,29.6,0,Sports
CUST0232,37,Male,North,2667.92,9,54.1,0,Fashion
CUST0233,44,Female,East,7192.53,15,33.6,3,Beauty
CUST0234,33,Non-Binary,South,1582.43,7,43.1,1,Fashion
CUST0235,52,Male,North,11215.66,44,9.6,6,Beauty
CUST0236,54,Non-Binary,Central,11699.21,43,9,2,Books
CUST0237,31,Female,East,1027.14,4,43.8,1,Books
CUST0238,32,Female,East,3423.41,18,10.1,3,Groceries
CUST0239,38,Non-Binary,South,3729.53,12,14,0,Beauty
CUST0240,34,Female,East,2105.78,5,24.8,1,Beauty
CUST0241,29,Female,South,7076.56,19,23.1,1,Travel
CUST0242,54,Non-Binary,North,93.43,2,26.2,1,Books
CUST0243,46,Female,West,7985.33,12,5.8,2,Travel
CUST0244,49,Male,West,241.43,2,24.7,1,Groceries
CUST0245,37,Non-Binary,East,5989.07,19,32.7,3,Dining
CUST0246,23,Non-Binary,Central,521.61,3,21.1,1,Groceries
CUST0247,45,Female,West,1678.76,6,5.7,1,Home & Living
CUST0248,47,Female,East,6860.94,19,15.3,0,Travel
CUST0249,40,Female,East,62.79,1,34.6,0,Dining
CUST0250,40,Non-Binary,North,16663.93,48,6.3,1,Electronics
CUST0251,33,Male,West,757.02,3,40.9,1,Dining
CUST0252,58,Male,West,577.23,1,30.7,0,Travel
CUST0253,45,Female,South,1252.52,9,42.5,0,Beauty
CUST0254,46,Male,Central,16048.42,51,14.4,6,Health
CUST0255,30,Female,South,7226.74,19,26.2,2,Health
CUST0256,41,Female,Central,11664.56,31,20.3,3,Health
CUST0257,47,Female,West,5432.86,18,32.9,1,Dining
CUST0258,49,Female,South,11774.96,48,15.8,0,Travel
CUST0259,44,Non-Binary,North,125.31,2,32,1,Travel
CUST0260,31,Non-Binary,Central,17132.68,38,21.1,2,Travel
CUST0261,47,Male,West,9370.48,43,6.2,7,Dining
CUST0262,29,Male,West,2237.42,5,7.1,1,Beauty
CUST0263,55,Male,South,341.93,3,61,1,Groceries
CUST0264,35,Non-Binary,Central,541.47,3,15.9,1,Sports
CUST0265,21,Non-Binary,South,281.22,2,61.4,0,Groceries
CUST0266,40,Non-Binary,North,4237.53,16,24,3,Books
CUST0267,50,Non-Binary,East,660.56,2,50.2,1,Travel
CUST0268,53,Female,Central,17289.62,25,24,5,Beauty
CUST0269,40,Female,Central,5147.79,13,29.9,1,Dining
CUST0270,20,Female,South,735.6,1,56,1,Electronics
CUST0271,26,Non-Binary,North,2981.05,7,64.1,1,Groceries
CUST0272,26,Non-Binary,North,3412.02,12,14.2,2,Home & Living
CUST0273,34,Male,East,10561.05,24,20.6,3,Electronics
CUST0274,48,Female,East,112.92,1,29.9,0,Fashion
CUST0275,50,Non-Binary,Central,17281.53,28,9.3,4,Health
CUST0276,45,Male,North,4755.59,13,32.6,2,Travel
CUST0277,41,Male,North,9477.89,44,14.4,2,Home & Living
CUST0278,29,Female,West,2119.42,8,49.9,1,Home & Living
CUST0279,35,Female,East,2523.58,5,20.7,0,Dining
CUST0280,41,Male,Central,18329.77,46,10.2,7,Fashion
CUST0281,55,Male,West,10588.92,23,13.6,4,Books
CUST0282,28,Non-Binary,West,1982.3,5,10.1,0,Groceries
CUST0283,40,Female,North,2635.12,9,50.4,0,Electronics
CUST0284,39,Non-Binary,South,15347.56,23,24.7,1,Fashion
CUST0285,46,Non-Binary,South,13956.96,42,29.7,4,Groceries
CUST0286,19,Female,West,360.99,1,32.9,0,Sports
CUST0287,25,Non-Binary,South,921.91,8,21.6,0,Health
CUST0288,27,Non-Binary,Central,896.84,4,28.7,0,Groceries
CUST0289,27,Non-Binary,North,1722.19,6,51.8,1,Fashion
CUST0290,45,Female,East,915.83,5,8,1,Fashion
CUST0291,36,Female,West,5764.9,10,21.9,1,Health
CUST0292,43,Male,West,1884.9,5,54.4,0,Groceries
CUST0293,35,Non-Binary,South,4731.77,10,24.7,2,Sports
CUST0294,27,Female,East,112.55,1,11,0,Dining
CUST0295,50,Non-Binary,West,62.65,1,58.3,0,Health
CUST0296,38,Male,East,85.28,2,30.5,1,Beauty
CUST0297,34,Female,Central,10432.55,26,18.5,2,Books
CUST0298,47,Female,South,80.94,2,12.8,0,Sports
CUST0299,42,Female,West,16533.89,42,25.3,4,Groceries
CUST0300,34,Male,South,2009.72,4,56.6,0,Electronics
CUST0301,43,Non-Binary,South,5002.51,11,32.5,0,Electronics
CUST0302,28,Female,West,3643.83,15,18.8,1,Health
CUST0303,41,Non-Binary,North,16198.56,31,10.6,2,Travel
CUST0304,35,Male,West,1340.48,6,40.8,0,Fashion
CUST0305,32,Non-Binary,West,6212.62,18,29.1,0,Books
CUST0306,50,Female,North,406.08,3,22.6,0,Beauty
CUST0307,54,Female,South,19898.38,42,12,2,Fashion
CUST0308,21,Male,South,2539.93,9,66.6,1,Beauty
CUST0309,31,Male,Central,2572.86,9,6.8,1,Health
CUST0310,52,Male,Central,685.43,2,36.9,0,Electronics
CUST0311,49,Male,North,13735.87,41,8.9,2,Beauty
CUST0312,36,Female,East,2816.98,4,67.4,1,Books
CUST0313,50,Non-Binary,South,7878.33,16,19.6,2,Groceries
CUST0314,43,Male,Central,1185.6,6,13.3,0,Health
CUST0315,32,Male,North,4590.77,19,8.1,3,Groceries
CUST0316,47,Male,East,4597.27,11,26.9,1,Travel
CUST0317,50,Female,South,3338.91,14,5,1,Travel
CUST0318,32,Male,North,1632.79,8,36.2,0,Groceries
CUST0319,27,Non-Binary,East,4593.27,11,31.6,0,Fashion
CUST0320,45,Female,North,183.09,1,15.7,1,Groceries
CUST0321,48,Male,North,3949.73,18,21.2,2,Sports
CUST0322,29,Male,South,5747.76,17,5.1,0,Sports
CUST0323,32,Male,East,10049.99,38,8.5,6,Travel
CUST0324,32,Male,East,1652.17,6,34,1,Travel
CUST0325,60,Male,Central,537.98,1,48.4,1,Health
CUST0326,52,Female,North,690.22,2,65.9,0,Travel
CUST0327,25,Male,South,156.43,1,34.2,0,Home & Living
CUST0328,31,Female,North,7940.41,16,23.8,2,Beauty
CUST0329,36,Male,South,2013.97,6,61.8,1,Fashion
CUST0330,23,Female,West,2081.31,4,11.6,1,Dining
CUST0331,40,Female,North,5427.44,19,13.3,1,Health
CUST0332,21,Female,East,398.56,1,64.9,1,Electronics
CUST0333,32,Non-Binary,West,5457.6,11,34.2,1,Beauty
CUST0334,33,Female,North,1213.27,5,54.4,1,Electronics
CUST0335,38,Female,North,1687.04,8,17.5,0,Electronics
CUST0336,38,Female,South,12324.5,32,18.9,3,Fashion
CUST0337,38,Female,North,1780.98,7,27.4,1,Fashion
CUST0338,37,Female,North,18245.86,33,25.3,2,Books
CUST0339,32,Female,West,146.46,1,57.3,1,Sports
CUST0340,41,Non-Binary,Central,1279.84,6,45.5,0,Electronics
CUST0341,23,Non-Binary,East,1421.61,9,26.9,1,Beauty
CUST0342,26,Non-Binary,East,2762.33,6,54.8,0,Health
CUST0343,39,Non-Binary,East,8305.46,51,17.6,6,Electronics
CUST0344,45,Non-Binary,South,2309.21,9,66.1,1,Dining
CUST0345,48,Female,South,308.5,1,21.8,0,Beauty
CUST0346,50,Male,West,7356.29,16,16.2,2,Travel
CUST0347,22,Male,West,549.56,3,17.6,0,Books
CUST0348,39,Male,South,290.32,1,42,1,Groceries
CUST0349,30,Male,Central,2187.64,5,5.3,1,Home & Living
CUST0350,24,Male,West,2479.09,4,46.2,1,Books
CUST0351,30,Non-Binary,North,10392.97,43,27.7,8,Home & Living
CUST0352,29,Female,North,1297.56,6,29.9,1,Groceries
CUST0353,45,Male,South,117.93,2,69.7,1,Travel
CUST0354,19,Non-Binary,Central,186.81,2,52.3,0,Home & Living
CUST0355,37,Male,Central,4832.59,10,12.7,2,Health
CUST0356,21,Non-Binary,West,2237.2,4,32.1,1,Fashion
CUST0357,34,Male,West,6475.26,10,8,2,Sports
CUST0358,23,Non-Binary,East,2158.32,6,37.4,0,Sports
CUST0359,40,Male,North,3801.71,18,25.6,3,Beauty
CUST0360,41,Female,South,2794.23,8,66.7,0,Fashion
CUST0361,21,Female,East,94.11,2,16.4,0,Sports
CUST0362,20,Non-Binary,West,1008.9,4,48.1,0,Beauty
CUST0363,35,Female,West,6664.61,15,17,3,Sports
CUST0364,24,Female,Central,2552.4,4,8.8,0,Fashion
CUST0365,57,Male,West,606.36,1,28.3,0,Groceries
CUST0366,34,Non-Binary,West,463.97,1,5.8,0,Beauty
CUST0367,41,Female,Central,1859.76,9,14.7,0,Electronics
CUST0368,49,Non-Binary,Central,720.78,1,26.5,1,Electronics
CUST0369,39,Male,East,7084.7,11,22.2,0,Travel
CUST0370,24,Non-Binary,Central,161.04,1,7.3,0,Fashion
CUST0371,36,Non-Binary,East,6356.7,15,29.5,3,Beauty
CUST0372,27,Male,North,1014.26,9,28.1,1,Dining
CUST0373,44,Female,South,494.96,3,44.7,0,Fashion
CUST0374,24,Non-Binary,Central,314.16,2,8,0,Travel
CUST0375,47,Male,Central,13985.94,23,30.2,3,Dining
CUST0376,41,Female,East,1082.31,7,62.4,1,Books
CUST0377,69,Non-Binary,Central,194.6,2,31.8,1,Dining
CUST0378,46,Female,North,4048.35,14,25.2,2,Groceries
CUST0379,42,Male,Central,2081.59,9,53.6,1,Books
CUST0380,36,Non-Binary,North,9743.92,23,28.6,2,Sports
CUST0381,20,Non-Binary,South,322.2,3,34.4,0,Dining
CUST0382,60,Non-Binary,North,678.49,2,29.8,1,Beauty
CUST0383,32,Female,South,6102.19,17,26.1,2,Health
CUST0384,30,Female,West,7916.28,11,27.1,0,Books
CUST0385,28,Non-Binary,East,1086.02,8,35.3,0,Electronics
CUST0386,45,Non-Binary,South,19188.58,39,21.5,1,Beauty
CUST0387,47,Female,East,14061.68,46,7.8,3,Home & Living
CUST0388,41,Male,West,7750.59,19,21.8,0,Fashion
CUST0389,20,Non-Binary,Central,141.44,1,25.9,0,Books
CUST0390,41,Non-Binary,East,7555.77,15,18.4,0,Sports
CUST0391,50,Non-Binary,South,9151.48,20,25.1,1,Books
CUST0392,45,Male,East,726.3,3,66.1,0,Electronics
CUST0393,47,Non-Binary,West,8651.22,36,29.6,4,Books
CUST0394,46,Female,North,4581.7,16,5.2,0,Health
CUST0395,56,Female,North,65.81,2,54.7,1,Books
CUST0396,50,Non-Binary,North,4099.11,16,21.4,1,Sports
CUST0397,18,Male,East,284.68,1,30.6,0,Sports
CUST0398,29,Non-Binary,South,6229.01,18,11.6,2,Home & Living
CUST0399,47,Non-Binary,South,710.5,3,9.8,0,Sports
CUST0400,24,Female,South,2892.44,6,20.2,1,Health
CUST0401,29,Male,South,1522.03,9,14.9,1,Beauty
CUST0402,33,Female,West,6927.51,16,9,2,Travel
CUST0403,29,Non-Binary,East,491.7,1,10.3,1,Groceries
CUST0404,19,Non-Binary,North,245.8,1,46.1,1,Health
CUST0405,40,Female,South,7469.04,18,9.5,3,Home & Living
CUST0406,36,Male,West,999.13,6,20.5,0,Dining
CUST0407,48,Male,South,7742.61,12,33.2,0,Home & Living
CUST0408,41,Non-Binary,North,4169.86,13,15.8,1,Travel
CUST0409,45,Non-Binary,West,6517.98,18,30,2,Health
CUST0410,41,Female,East,5937.81,11,34.2,0,Dining
CUST0411,20,Non-Binary,Central,1860.16,8,14,0,Home & Living
CUST0412,36,Non-Binary,East,3751.05,12,29.5,2,Home & Living
CUST0413,36,Male,North,16102.75,50,24.4,6,Electronics
CUST0414,36,Non-Binary,South,1154.32,9,42.2,0,Groceries
CUST0415,64,Female,Central,139.3,1,58.4,0,Home & Living
CUST0416,56,Non-Binary,South,302.17,2,42.9,0,Health
CUST0417,38,Non-Binary,South,2828.25,8,29.6,0,Fashion
CUST0418,27,Female,North,502.11,2,16.5,0,Dining
CUST0419,20,Male,East,2783.46,8,55.4,1,Dining
CUST0420,45,Female,East,1743.27,7,27.8,0,Books
CUST0421,36,Non-Binary,North,745.14,1,40.3,1,Home & Living
CUST0422,40,Female,South,1942.96,7,57.3,1,Beauty
CUST0423,33,Non-Binary,Central,1357.74,8,44.8,1,Home & Living
CUST0424,35,Non-Binary,North,1614.1,8,24.9,1,Books
CUST0425,28,Female,South,6914.76,12,17,1,Dining
CUST0426,70,Male,East,50.79,1,65.2,1,Fashion
CUST0427,37,Male,West,6044.54,16,20.6,0,Groceries
CUST0428,34,Female,North,6283.76,18,28.5,1,Health
CUST0429,27,Male,Central,3001.44,12,28.4,1,Books
CUST0430,22,Non-Binary,South,2420.5,4,52.2,1,Beauty
CUST0431,54,Female,Central,117.76,2,16.4,0,Dining
CUST0432,33,Female,Central,3584.93,18,29.4,2,Travel
CUST0433,47,Female,North,653.73,2,61,1,Fashion
CUST0434,42,Male,East,2986.24,9,25.5,1,Dining
CUST0435,27,Female,Central,4994.25,15,10.4,2,Beauty
CUST0436,40,Male,South,6730.04,13,12,0,Sports
CUST0437,27,Male,Central,700.96,2,12.8,0,Travel
CUST0438,49,Female,Central,422.35,2,62.3,1,Travel
CUST0439,26,Non-Binary,West,6750.1,12,17.7,2,Electronics
CUST0440,51,Male,Central,473.86,1,49.8,0,Home & Living
CUST0441,30,Male,East,6063.28,14,12.1,1,Health
CUST0442,44,Male,Central,1262.96,9,60.5,1,Travel
CUST0443,64,Non-Binary,South,152.22,1,20.3,1,Books
CUST0444,43,Female,West,17668.02,31,34.9,6,Dining
CUST0445,37,Female,North,7291.65,10,9.9,0,Sports
CUST0446,37,Female,North,1371.23,6,57.7,1,Electronics
CUST0447,54,Non-Binary,East,776.91,1,47.2,0,Sports
CUST0448,22,Non-Binary,West,2503.66,7,23.6,0,Groceries
CUST0449,22,Non-Binary,Central,1690.1,4,19.8,1,Sports
CUST0450,48,Male,North,7437.57,15,34,3,Groceries
CUST0451,42,Female,North,2255.79,9,18.7,1,Fashion
CUST0452,36,Non-Binary,North,857.98,7,10.4,1,Health
CUST0453,33,Male,North,108.09,1,33.8,0,Groceries
CUST0454,35,Non-Binary,South,2691.95,6,61.6,1,Dining
CUST0455,40,Female,East,2099.24,7,62,1,Dining
CUST0456,29,Male,Central,2569.55,7,21.9,1,Electronics
CUST0457,47,Female,West,5345.52,10,33.4,1,Sports
CUST0458,31,Non-Binary,South,2552.09,8,62.3,1,Books
CUST0459,27,Non-Binary,East,1657,7,32.4,0,Dining
CUST0460,26,Female,Central,2578.57,7,16.9,1,Fashion
CUST0461,35,Female,North,6113.15,13,6.5,2,Electronics
CUST0462,32,Female,East,6575.26,10,5.4,0,Beauty
CUST0463,39,Male,West,119.09,1,53.8,0,Electronics
CUST0464,32,Non-Binary,South,1199.35,6,12.9,0,Books
CUST0465,51,Non-Binary,South,79.68,1,18.5,1,Sports
CUST0466,36,Non-Binary,North,2437.65,8,36.3,1,Home & Living
CUST0467,35,Male,North,3564.53,16,28.8,0,Books
CUST0468,39,Non-Binary,North,2318.96,9,55.1,0,Groceries
CUST0469,21,Female,South,2846.94,9,46.9,0,Groceries
CUST0470,69,Female,South,167.5,2,52.7,0,Books
CUST0471,53,Female,Central,490.7,2,50.3,0,Health
CUST0472,42,Female,Central,5341.51,19,20.9,3,Sports
CUST0473,32,Non-Binary,East,2506.24,8,62.4,1,Health
CUST0474,36,Female,East,19605.96,44,19.9,8,Groceries
CUST0475,41,Male,South,1042.91,8,59.3,0,Groceries
CUST0476,40,Non-Binary,South,1017.16,8,47.8,1,Electronics
CUST0477,40,Non-Binary,East,828.78,5,62.8,0,Travel
CUST0478,45,Female,North,2758.06,6,58.5,1,Dining
CUST0479,33,Non-Binary,Central,10590.8,26,20.9,1,Home & Living
CUST0480,65,Male,North,133.21,2,46.5,1,Travel
CUST0481,39,Female,Central,529.43,3,39.7,1,Beauty
CUST0482,45,Non-Binary,West,446.99,3,26,0,Health
CUST0483,46,Male,Central,87.86,2,5,0,Sports
CUST0484,32,Male,North,94.97,2,25.5,1,Dining
CUST0485,31,Female,Central,1143.28,6,21.2,1,Sports
CUST0486,43,Non-Binary,Central,1278.14,4,36.4,1,Health
CUST0487,37,Male,West,6653.22,19,6.7,2,Beauty
CUST0488,56,Male,Central,335.8,3,46.2,1,Electronics
CUST0489,41,Female,South,5824,15,9.6,3,Travel
CUST0490,35,Male,East,4971.22,12,22.1,0,Dining
CUST0491,49,Non-Binary,Central,5172.02,12,21.8,1,Books
CUST0492,22,Female,West,128.11,1,33,0,Fashion
CUST0493,45,Male,Central,4603.37,19,14.1,2,Health
CUST0494,31,Male,North,7620.14,13,9.7,2,Fashion
CUST0495,18,Female,North,188.08,2,57.3,1,Travel
CUST0496,42,Female,North,5689.49,13,12.8,1,Health
CUST0497,28,Male,North,2259.1,4,23.5,1,Electronics
CUST0498,28,Non-Binary,Central,4356.28,15,31,3,Home & Living
CUST0499,35,Non-Binary,South,11785.47,25,34,4,Electronics
CUST0500,25,Female,Central,5449.17,12,15.6,2,Sports
CUST0501,19,Non-Binary,West,574.85,2,66.7,0,Groceries
CUST0502,43,Non-Binary,West,16758.68,34,9.6,2,Health
CUST0503,34,Non-Binary,South,15829.67,32,26.2,4,Groceries
CUST0504,22,Non-Binary,South,186.65,2,66.7,0,Groceries
CUST0505,43,Male,North,11824.25,46,27.4,4,Groceries
CUST0506,44,Non-Binary,South,6811.47,19,22,1,Health
CUST0507,34,Female,West,8953.71,50,23.1,10,Beauty
CUST0508,21,Male,South,1160.17,5,68,1,Books
CUST0509,49,Male,West,19125.24,48,14.7,7,Home & Living
CUST0510,30,Female,West,2612.7,9,66,0,Dining
CUST0511,51,Non-Binary,Central,225.41,1,68.9,0,Dining
CUST0512,43,Female,West,78.29,2,55.3,1,Travel
CUST0513,24,Non-Binary,South,919.95,8,47,0,Dining
CUST0514,43,Male,West,153.72,1,34.3,0,Travel
CUST0515,47,Non-Binary,North,6457.9,12,7.7,2,Travel
CUST0516,39,Non-Binary,East,2398.4,8,29.6,1,Electronics
CUST0517,27,Female,West,716.74,1,51.3,1,Sports
CUST0518,26,Non-Binary,West,1058.5,5,54.8,0,Travel
CUST0519,33,Non-Binary,North,564.18,2,47.9,1,Books
CUST0520,28,Male,South,1338.12,8,41.2,0,Electronics
CUST0521,41,Female,North,880.75,4,44.2,1,Fashion
CUST0522,57,Male,North,74.04,2,50.5,0,Travel
CUST0523,22,Male,South,393.37,2,59.8,0,Sports
CUST0524,33,Non-Binary,West,1403.45,8,50.2,0,Fashion
CUST0525,29,Non-Binary,South,2853.63,9,60.1,1,Dining
CUST0526,35,Male,North,1942.83,9,16.7,0,Sports
CUST0527,53,Female,East,15505.53,27,29,3,Books
CUST0528,40,Non-Binary,Central,2201.87,4,23.3,0,Sports
CUST0529,35,Female,East,3030.65,15,22.1,0,Groceries
CUST0530,69,Female,West,121.39,2,13.8,0,Travel
CUST0531,54,Male,East,58.35,2,25.5,0,Home & Living
CUST0532,39,Non-Binary,South,91.79,1,45.7,0,Health
CUST0533,52,Male,West,17388.13,39,26.3,4,Books
CUST0534,31,Female,North,7146.46,14,10.3,1,Electronics
CUST0535,24,Non-Binary,North,2557.06,8,65,1,Beauty
CUST0536,21,Non-Binary,North,1091.85,9,51.4,0,Electronics
CUST0537,47,Female,South,722.25,2,11.7,1,Electronics
CUST0538,35,Male,East,4432.55,18,25.1,2,Groceries
CUST0539,33,Non-Binary,East,15475.34,52,15.5,5,Sports
CUST0540,35,Female,North,3356.14,19,6.5,0,Travel
CUST0541,52,Female,East,13117.59,31,22.8,6,Travel
CUST0542,52,Non-Binary,North,627.03,3,65,1,Health
CUST0543,40,Female,Central,1801.83,9,35.3,0,Home & Living
CUST0544,68,Male,West,108.42,2,26.1,1,Electronics
CUST0545,34,Non-Binary,West,5305.75,12,23.1,0,Dining
CUST0546,22,Non-Binary,South,395.2,3,39.6,1,Health
CUST0547,37,Non-Binary,Central,3794.94,17,11.2,3,Books
CUST0548,48,Non-Binary,East,6312.4,11,22.2,1,Fashion
CUST0549,42,Male,North,13342.59,39,8.3,6,Beauty
CUST0550,49,Female,Central,3694.44,19,5,1,Groceries
CUST0551,31,Male,East,5889.08,13,14.5,2,Sports
CUST0552,32,Non-Binary,North,2144.67,8,60.4,0,Beauty
CUST0553,29,Female,West,2952.15,4,20.3,1,Beauty
CUST0554,40,Non-Binary,East,4055.87,12,21.7,1,Books
CUST0555,34,Non-Binary,South,8139.23,21,19.6,3,Groceries
CUST0556,56,Female,Central,715.23,3,45.5,1,Dining
CUST0557,44,Non-Binary,West,4128.48,16,19.9,1,Dining
CUST0558,38,Female,Central,873.58,4,29,1,Fashion
CUST0559,22,Male,Central,972.04,8,46,0,Dining
CUST0560,48,Female,East,129.72,1,63.9,1,Books
CUST0561,48,Male,Central,6474.56,19,28.6,2,Electronics
CUST0562,45,Male,Central,2243.25,6,6.8,1,Fashion
CUST0563,57,Non-Binary,Central,366.43,1,60.8,0,Fashion
CUST0564,33,Male,East,5232.82,12,12.1,0,Dining
CUST0565,49,Male,South,138.74,1,31.8,1,Home & Living
CUST0566,40,Female,West,2651.19,4,58.3,0,Groceries
CUST0567,32,Female,Central,6730.01,18,26.2,3,Sports
CUST0568,42,Non-Binary,West,19126.67,48,33.9,0,Fashion
CUST0569,35,Male,Central,177.89,2,11.4,1,Travel
CUST0570,30,Non-Binary,North,2290.3,5,48.7,0,Electronics
CUST0571,53,Non-Binary,North,13351.31,34,10.8,0,Health
CUST0572,40,Non-Binary,West,2637.17,8,67.3,0,Health
CUST0573,25,Female,East,588.1,1,21.5,1,Fashion
CUST0574,28,Male,East,2268.01,6,9.8,0,Books
CUST0575,39,Non-Binary,South,7063.19,12,34.4,0,Health
CUST0576,26,Male,North,1116.38,7,11.9,1,Sports
CUST0577,30,Male,East,16730.54,48,9.5,0,Electronics
CUST0578,20,Non-Binary,West,2789.25,8,66.1,1,Travel
CUST0579,32,Non-Binary,East,670.44,3,67,1,Fashion
CUST0580,36,Male,South,3275.92,11,33.8,0,Travel
CUST0581,26,Non-Binary,North,2927.56,9,30.4,0,Beauty
CUST0582,31,Non-Binary,North,3947.13,10,34.9,0,Travel
CUST0583,20,Non-Binary,South,1898.81,7,8.6,0,Books
CUST0584,37,Non-Binary,West,1807.96,9,42.7,0,Electronics
CUST0585,37,Female,North,18886.15,22,8.9,1,Electronics
CUST0586,23,Female,West,2636.94,4,43.7,0,Fashion
CUST0587,43,Non-Binary,North,788.33,3,68.4,0,Beauty
CUST0588,29,Male,West,3316.05,14,10,1,Dining
CUST0589,68,Male,North,56.06,1,44.8,0,Electronics
CUST0590,43,Non-Binary,South,19113.64,38,28.8,7,Groceries
CUST0591,30,Female,East,5251.65,13,6.1,0,Travel
CUST0592,28,Non-Binary,West,5787.99,13,34.3,2,Beauty
CUST0593,23,Non-Binary,South,1407.86,5,49.5,1,Travel
CUST0594,36,Non-Binary,North,58.05,2,21.3,1,Electronics
CUST0595,41,Male,West,6926.67,17,31.9,3,Health
CUST0596,44,Male,West,2775.52,5,19.8,0,Books
CUST0597,43,Male,East,15021.11,23,32.8,3,Groceries
CUST0598,28,Female,North,1226.95,6,13.3,0,Sports
CUST0599,27,Female,North,1176.47,6,44.2,0,Health
CUST0600,55,Female,South,493.04,1,35.1,0,Books
CUST0601,29,Non-Binary,West,4111.81,19,31.9,3,Electronics
CUST0602,43,Male,South,220.14,3,56.9,0,Travel
CUST0603,33,Female,North,827.32,9,13.6,1,Home & Living
CUST0604,38,Male,West,1155.8,7,6.6,1,Travel
CUST0605,58,Female,East,421.88,2,45.8,1,Beauty
CUST0606,52,Non-Binary,North,618.13,3,18.5,0,Health
CUST0607,25,Non-Binary,South,150.52,1,35.2,0,Beauty
CUST0608,44,Non-Binary,West,947.35,9,68.8,0,Dining
CUST0609,66,Male,East,136.44,1,19.7,1,Sports
CUST0610,46,Non-Binary,West,12142.72,51,8.7,8,Dining
CUST0611,31,Male,East,6365.86,11,18.7,0,Books
CUST0612,45,Non-Binary,West,11311.31,29,11.1,5,Electronics
CUST0613,33,Male,North,1090.33,6,46.9,1,Home & Living
CUST0614,44,Female,West,511.25,2,47.6,1,Travel
CUST0615,25,Female,South,2775.32,6,19.7,1,Sports
CUST0616,30,Male,South,7780.11,19,13.6,1,Groceries
CUST0617,44,Male,East,11799.51,28,10.5,4,Electronics
CUST0618,42,Female,West,5698.79,12,32.6,1,Travel
CUST0619,41,Non-Binary,Central,7849.78,18,26.2,3,Sports
CUST0620,64,Non-Binary,West,115.87,1,7.6,0,Sports
CUST0621,38,Male,North,467.14,1,46.7,0,Sports
CUST0622,22,Female,East,1779.56,9,30.6,1,Beauty
CUST0623,42,Male,Central,18245.65,43,13.5,5,Sports
CUST0624,50,Non-Binary,Central,7438.14,16,9.9,3,Books
CUST0625,46,Female,North,10493.41,50,7,9,Books
CUST0626,37,Female,West,1401.05,5,41.9,0,Home & Living
CUST0627,38,Male,North,892.87,6,41.4,1,Home & Living
CUST0628,28,Male,South,7779.18,17,31.8,3,Groceries
CUST0629,49,Non-Binary,West,11326.6,24,22.4,4,Books
CUST0630,54,Non-Binary,West,423.55,3,21.9,0,Groceries
CUST0631,41,Non-Binary,East,9959.71,37,32.4,5,Electronics
CUST0632,44,Non-Binary,East,968.94,5,54.7,0,Dining
CUST0633,41,Female,Central,362.6,3,42.7,0,Electronics
CUST0634,30,Female,West,5424.01,15,9.6,1,Home & Living
CUST0635,19,Non-Binary,Central,67.37,1,25.3,1,Groceries
CUST0636,37,Female,South,404.89,3,57.9,0,Groceries
CUST0637,43,Male,West,9562.62,25,28.5,0,Electronics
CUST0638,43,Non-Binary,East,3163.93,18,8.6,2,Electronics
CUST0639,49,Male,North,9158.04,27,32,1,Beauty
CUST0640,40,Non-Binary,North,764.17,3,60.6,0,Dining
CUST0641,30,Non-Binary,Central,516.77,3,16.2,0,Fashion
CUST0642,34,Non-Binary,South,2335.19,5,12,1,Books
CUST0643,28,Non-Binary,Central,3564.11,15,20.6,3,Beauty
CUST0644,42,Female,Central,11937.38,27,23,2,Travel
CUST0645,27,Non-Binary,North,7275.97,13,29.1,2,Beauty
CUST0646,36,Male,Central,1031.27,7,10.5,0,Books
CUST0647,22,Male,North,2762.45,5,17.9,0,Health
CUST0648,55,Female,Central,634.4,2,54.2,1,Beauty
CUST0649,67,Male,South,126.2,1,12.9,1,Travel
CUST0650,45,Female,South,8634.23,24,34.2,3,Health
CUST0651,41,Female,West,1011.84,4,54.9,1,Home & Living
CUST0652,37,Female,West,1992.82,8,54.7,1,Fashion
CUST0653,20,Male,West,465.09,1,47.9,1,Groceries
CUST0654,43,Non-Binary,West,4945.01,11,24.8,2,Dining
CUST0655,34,Male,North,503.5,2,68.1,1,Sports
CUST0656,31,Female,West,1081.91,6,43,1,Books
CUST0657,60,Female,North,111.38,1,20.3,1,Health
CUST0658,31,Non-Binary,North,10037.35,40,30.9,8,Books
CUST0659,32,Female,South,848.9,6,26,0,Travel
CUST0660,30,Non-Binary,North,2584.39,9,24.5,1,Home & Living
CUST0661,43,Female,Central,4325.51,14,11.8,2,Fashion
CUST0662,40,Non-Binary,West,5831.58,18,15.4,0,Sports
CUST0663,28,Female,Central,1239.97,7,34.5,0,Electronics
CUST0664,33,Male,Central,7809.62,17,21,3,Health
CUST0665,48,Non-Binary,North,3738.57,12,14,1,Books
CUST0666,45,Male,North,5061.78,14,25.6,0,Books
CUST0667,39,Female,South,4227.69,14,34.7,1,Electronics
CUST0668,51,Male,North,11100.76,37,24.3,0,Travel
CUST0669,38,Male,South,4489.6,11,25.2,0,Books
CUST0670,36,Non-Binary,South,1900.05,4,42.7,1,Travel
CUST0671,48,Male,South,17680.25,41,29.2,3,Books
CUST0672,38,Female,North,7848.65,17,22.7,3,Dining
CUST0673,28,Male,East,1844.2,5,65.9,1,Travel
CUST0674,43,Non-Binary,East,2790.6,4,66.2,0,Sports
CUST0675,52,Female,East,104.07,1,60.7,1,Electronics
CUST0676,39,Female,North,17872.49,35,31.7,7,Beauty
CUST0677,48,Non-Binary,South,693.1,2,65.2,1,Books
CUST0678,44,Non-Binary,North,3331.77,16,21.4,2,Travel
CUST0679,24,Male,North,2185.71,9,18,1,Beauty
CUST0680,44,Female,South,6567.11,12,28.8,1,Travel
CUST0681,50,Non-Binary,West,5964.51,15,7.5,2,Groceries
CUST0682,45,Non-Binary,East,7739.6,18,11.9,0,Travel
CUST0683,45,Non-Binary,North,229.82,3,14.7,1,Groceries
CUST0684,41,Non-Binary,East,2500.62,7,19.6,0,Home & Living
CUST0685,39,Male,West,1086.31,5,58.6,0,Books
CUST0686,49,Male,West,19713.54,35,12.4,7,Fashion
CUST0687,31,Male,Central,783.67,2,51,1,Fashion
CUST0688,41,Non-Binary,East,19172.78,50,33.2,9,Electronics
CUST0689,41,Male,East,1465.21,7,67.9,0,Health
CUST0690,24,Female,North,2845.79,7,51.2,1,Groceries
CUST0691,53,Female,Central,9534.46,37,17.9,4,Health
CUST0692,49,Male,South,3824.75,17,21.7,3,Electronics
CUST0693,30,Non-Binary,East,3179.28,14,18.1,1,Electronics
CUST0694,43,Male,South,1806.61,4,13,0,Home & Living
CUST0695,41,Male,West,2608.84,8,42.9,0,Dining
CUST0696,35,Non-Binary,East,5490.06,11,25.4,2,Fashion
CUST0697,27,Non-Binary,Central,65.8,2,34.9,1,Travel
CUST0698,40,Non-Binary,North,19637.25,48,35,9,Groceries
CUST0699,42,Female,South,6989.94,11,16.4,1,Sports
CUST0700,42,Female,East,18228.15,30,13.5,6,Groceries
CUST0701,56,Female,West,640.8,2,48.3,1,Dining
CUST0702,56,Non-Binary,West,485.39,3,54.2,1,Health
CUST0703,39,Female,East,3202.15,15,24.4,1,Travel
CUST0704,34,Non-Binary,East,7535.13,17,8.8,2,Home & Living
CUST0705,46,Female,East,8918.39,22,17.7,0,Travel
CUST0706,23,Female,North,2490.25,4,35.1,0,Books
CUST0707,47,Male,South,378.29,3,34.2,1,Beauty
CUST0708,51,Male,North,19786.23,36,21,0,Books
CUST0709,41,Female,West,1811.9,7,44.1,1,Sports
CUST0710,33,Non-Binary,West,9621.37,32,25.9,1,Electronics
CUST0711,32,Male,North,10901.36,32,18.9,3,Books
CUST0712,49,Female,Central,160.08,2,60.9,0,Home & Living
CUST0713,43,Female,North,8094.49,47,27.1,9,Dining
CUST0714,46,Non-Binary,West,5566.27,19,31,1,Electronics
CUST0715,40,Male,North,3317.49,16,23.7,2,Travel
CUST0716,39,Female,South,3960.81,15,11.6,2,Health
CUST0717,41,Non-Binary,East,1658.43,7,28.4,1,Groceries
CUST0718,25,Male,East,2266.86,5,44.4,0,Books
CUST0719,36,Female,North,3235.2,10,15.7,0,Groceries
CUST0720,42,Female,Central,6087.2,11,12.7,1,Beauty
CUST0721,56,Non-Binary,North,711.19,3,50.9,1,Travel
CUST0722,37,Non-Binary,South,2687.59,4,11.9,0,Home & Living
CUST0723,40,Male,North,5207.15,18,8,2,Beauty
CUST0724,32,Female,North,5078.33,10,19.2,1,Dining
CUST0725,45,Female,West,6773.47,15,9.5,3,Home & Living
CUST0726,19,Female,East,183.81,2,55.1,0,Fashion
CUST0727,43,Female,Central,74.48,1,47.9,0,Health
CUST0728,34,Non-Binary,Central,7428.03,18,14.4,2,Electronics
CUST0729,59,Female,South,154.34,2,40.4,1,Beauty
CUST0730,53,Male,South,14449.2,44,31.4,8,Dining
CUST0731,44,Non-Binary,West,1486.64,6,6.5,1,Home & Living
CUST0732,38,Non-Binary,East,8719.35,43,15.6,0,Fashion
CUST0733,45,Non-Binary,East,1796.47,5,42.8,0,Beauty
CUST0734,26,Non-Binary,Central,628.2,3,38.8,0,Fashion
CUST0735,28,Female,North,6891.97,17,17.8,3,Fashion
CUST0736,22,Female,West,485.28,2,39.2,1,Sports
CUST0737,33,Non-Binary,South,2884.26,9,14.4,0,Travel
CUST0738,26,Non-Binary,North,1963.58,9,7.1,0,Dining
CUST0739,54,Female,East,266.09,2,39,0,Beauty
CUST0740,29,Non-Binary,South,3139.86,12,17.7,1,Sports
CUST0741,22,Female,East,1069,6,32.1,1,Health
CUST0742,24,Non-Binary,South,2383.35,8,37.8,1,Travel
CUST0743,38,Non-Binary,West,6998.26,19,32,2,Dining
CUST0744,47,Male,Central,3442.56,12,23.9,2,Sports
CUST0745,49,Non-Binary,North,6092.9,19,22.1,1,Travel
CUST0746,35,Non-Binary,West,76.78,1,20.9,1,Fashion
CUST0747,40,Male,East,18343.69,21,17.4,4,Beauty
CUST0748,39,Non-Binary,West,9192,30,12.7,0,Groceries
CUST0749,30,Female,South,6071.76,15,6.8,3,Fashion
CUST0750,21,Female,North,354.5,1,53.9,0,Travel
CUST0751,32,Non-Binary,Central,13577.88,46,17.2,3,Electronics
CUST0752,40,Male,Central,1341.65,8,24.8,1,Travel
CUST0753,28,Male,North,285.28,3,39.9,1,Dining
CUST0754,36,Female,Central,775.71,3,15.9,0,Travel
CUST0755,58,Non-Binary,Central,427.71,2,59.6,1,Electronics
CUST0756,34,Non-Binary,East,9076.58,27,35,3,Home & Living
CUST0757,33,Female,Central,6762.72,17,34.5,2,Home & Living
CUST0758,49,Non-Binary,West,16302.14,20,32,1,Books
CUST0759,47,Non-Binary,West,18520.64,24,30,3,Fashion
CUST0760,28,Female,North,3885.76,10,33.1,1,Electronics
CUST0761,22,Male,East,2359.53,5,45.6,0,Home & Living
CUST0762,31,Non-Binary,Central,7521.63,19,34.5,3,Fashion
CUST0763,43,Male,North,2013.38,9,49.4,0,Fashion
CUST0764,41,Female,Central,5848.95,13,13.2,2,Electronics
CUST0765,40,Female,West,13125.37,23,34.9,2,Fashion
CUST0766,27,Male,West,895.58,9,64.7,1,Beauty
CUST0767,48,Female,South,7399.61,10,25.7,0,Home & Living
CUST0768,25,Male,South,6129.35,11,29.2,2,Beauty
CUST0769,30,Non-Binary,North,2908.41,4,20.4,0,Health
CUST0770,26,Female,North,3624.01,10,31.7,2,Fashion
CUST0771,32,Male,West,15328.86,47,6.7,0,Sports
CUST0772,45,Non-Binary,Central,1704.03,8,5.7,1,Travel
CUST0773,44,Non-Binary,Central,15811.06,21,22.6,0,Fashion
CUST0774,48,Female,Central,17473,32,20.3,2,Books
CUST0775,26,Non-Binary,Central,3688.23,10,22.5,2,Beauty
CUST0776,56,Male,North,288.3,2,29,0,Dining
CUST0777,33,Non-Binary,South,2636.55,4,68.5,0,Fashion
CUST0778,39,Female,West,2321.36,7,60.4,1,Health
CUST0779,40,Male,Central,5271.06,10,5.1,0,Home & Living
CUST0780,50,Male,North,6672.2,15,11.2,1,Electronics
CUST0781,34,Male,South,5772.9,12,23.9,1,Electronics
CUST0782,48,Male,North,4094.51,14,30.4,0,Groceries
CUST0783,26,Female,East,745.48,1,56.2,0,Beauty
CUST0784,41,Male,South,7046.63,12,34.9,1,Fashion
CUST0785,41,Female,Central,314.82,2,32.9,0,Electronics
CUST0786,58,Non-Binary,West,396.28,1,61.7,1,Home & Living
CUST0787,44,Female,South,1168.19,7,53.8,1,Travel
CUST0788,42,Male,South,1955.52,7,35.8,1,Health
CUST0789,43,Female,East,470.8,1,32.6,1,Health
CUST0790,29,Female,West,1095.39,4,27.9,0,Travel
CUST0791,30,Female,North,1699.29,7,6.6,1,Home & Living
CUST0792,68,Non-Binary,North,93.88,1,19.8,0,Fashion
CUST0793,33,Female,Central,3983.03,15,29.5,2,Home & Living
CUST0794,55,Male,West,11593.69,42,33.4,0,Travel
CUST0795,32,Female,North,6744.94,17,28.6,3,Travel
CUST0796,44,Male,Central,456.85,3,34.2,0,Beauty
CUST0797,50,Non-Binary,West,6688.29,17,15.6,1,Books
CUST0798,38,Male,West,1517.05,4,64.9,0,Beauty
CUST0799,30,Male,South,59.49,2,26.4,1,Sports
CUST0800,39,Male,South,1190.62,9,17.1,0,Books
CUST0801,26,Male,South,5621.45,17,5.3,2,Books
CUST0802,42,Non-Binary,West,13020.96,24,31,1,Home & Living
CUST0803,29,Male,North,1149.16,8,37.7,1,Sports
CUST0804,50,Male,Central,7122.09,19,14.9,3,Travel
CUST0805,31,Male,West,1433.12,7,51.3,1,Books
CUST0806,39,Male,South,6088.06,16,24.8,0,Books
CUST0807,46,Non-Binary,West,6139.79,14,25.9,2,Home & Living
CUST0808,46,Non-Binary,South,12424.78,26,14.8,3,Groceries
CUST0809,42,Female,North,8320.61,49,17,3,Books
CUST0810,51,Male,West,19005.64,40,19.5,1,Fashion
CUST0811,25,Non-Binary,Central,1413.83,5,44.5,0,Sports
CUST0812,46,Male,Central,3387.85,10,18.2,0,Home & Living
CUST0813,45,Male,West,3238.73,18,24.8,0,Books
CUST0814,44,Female,North,907.01,7,21.2,0,Home & Living
CUST0815,51,Female,North,8174.72,32,11.6,0,Groceries
CUST0816,37,Male,South,2593.56,6,45.6,1,Books
CUST0817,42,Non-Binary,North,11880.41,20,5.4,1,Travel
CUST0818,20,Non-Binary,North,589.32,2,19.2,1,Health
CUST0819,25,Male,East,2978.18,8,11.2,1,Books
CUST0820,41,Non-Binary,Central,2743.84,6,26.8,1,Books
CUST0821,39,Male,Central,829.23,4,13.1,0,Books
CUST0822,36,Male,East,12494.28,38,11.1,0,Home & Living
CUST0823,41,Female,East,6217.37,10,17.4,1,Electronics
CUST0824,50,Female,South,5696.02,13,26.6,2,Books
CUST0825,22,Male,North,942.09,7,8.4,0,Home & Living
CUST0826,27,Male,South,2627.85,5,32.7,1,Sports
CUST0827,34,Female,North,6028.65,14,34,0,Sports
CUST0828,38,Female,West,3838.66,17,27,1,Travel
CUST0829,56,Female,West,654.56,2,40.9,0,Sports
CUST0830,35,Male,South,1624.95,8,13.9,1,Home & Living
CUST0831,45,Female,West,14008.4,43,17.5,6,Beauty
CUST0832,21,Non-Binary,East,2093.69,7,13.1,0,Home & Living
CUST0833,47,Male,West,6544.93,15,16.6,3,Home & Living
CUST0834,62,Non-Binary,South,103.85,1,14.6,1,Groceries
CUST0835,20,Male,Central,2257.07,5,11,1,Books
CUST0836,34,Non-Binary,West,299.33,2,37.5,1,Health
CUST0837,40,Male,North,265.46,3,22.5,0,Books
CUST0838,44,Male,East,200.95,1,47.5,1,Groceries
CUST0839,36,Non-Binary,North,1235.45,5,34.3,0,Groceries
CUST0840,38,Male,East,6795.06,14,32.4,0,Groceries
CUST0841,25,Male,East,4383.53,15,19.3,0,Electronics
CUST0842,23,Female,West,2535.47,4,56.5,1,Health
CUST0843,41,Female,West,562.02,2,27.3,1,Home & Living
CUST0844,45,Male,Central,2944.7,6,34.7,1,Groceries
CUST0845,33,Male,South,367.4,3,45.2,1,Dining
CUST0846,19,Female,Central,192.67,2,61.8,1,Travel
CUST0847,36,Non-Binary,East,6062.35,11,32.9,1,Fashion
CUST0848,43,Female,North,3715.66,18,26.5,0,Groceries
CUST0849,28,Male,South,796.79,2,67.1,1,Dining
CUST0850,28,Male,East,7720.11,11,26.5,0,Beauty
CUST0851,23,Non-Binary,South,2264.39,9,65,1,Fashion
CUST0852,39,Male,South,559.81,3,51.6,1,Dining
CUST0853,27,Female,South,4454.59,11,22.8,0,Fashion
CUST0854,37,Non-Binary,East,135.96,1,39.8,1,Books
CUST0855,24,Male,East,68.82,1,40,1,Beauty
CUST0856,29,Non-Binary,East,1802.27,8,48.2,0,Health
CUST0857,58,Non-Binary,South,68.4,2,37.2,1,Electronics
CUST0858,47,Non-Binary,East,6662.56,13,32.7,0,Travel
CUST0859,53,Male,West,73.72,1,32.5,1,Beauty
CUST0860,26,Male,Central,1422.4,9,40.6,0,Groceries
CUST0861,59,Male,South,625.04,2,13.9,1,Sports
CUST0862,18,Non-Binary,West,317.2,3,60.6,0,Groceries
CUST0863,40,Female,Central,754.67,1,16.7,0,Fashion
CUST0864,33,Non-Binary,West,143.42,2,20.7,1,Sports
CUST0865,67,Male,East,149.94,1,58.2,1,Sports
CUST0866,50,Non-Binary,East,8991.64,51,20.3,0,Health
CUST0867,32,Female,North,2546.76,5,46.9,1,Sports
CUST0868,42,Non-Binary,North,18906.57,31,5.6,4,Dining
CUST0869,25,Non-Binary,North,522.85,3,18.5,0,Groceries
CUST0870,29,Male,North,4571.17,10,24.6,0,Dining
CUST0871,52,Non-Binary,North,125.42,2,68.5,0,Home & Living
CUST0872,26,Non-Binary,North,93.72,2,50.2,1,Health
CUST0873,27,Female,Central,342.02,1,59.1,0,Health
CUST0874,27,Female,North,6644.79,16,12.8,1,Books
CUST0875,37,Non-Binary,Central,2867.5,5,45.9,1,Home & Living
CUST0876,33,Male,Central,1924.63,5,25.6,1,Books
CUST0877,51,Female,East,9495.45,27,7,5,Fashion
CUST0878,30,Male,North,17577.17,37,34.4,3,Books
CUST0879,45,Male,Central,2725.25,8,39.4,1,Dining
CUST0880,29,Male,East,302.28,2,53.2,1,Travel
CUST0881,24,Non-Binary,South,2368.38,9,41.9,1,Electronics
CUST0882,34,Non-Binary,Central,2354.22,5,56.9,1,Sports
CUST0883,58,Male,North,687.6,2,66.6,1,Beauty
CUST0884,38,Non-Binary,Central,2877.76,5,53.3,1,Electronics
CUST0885,42,Non-Binary,Central,13973.66,27,10.7,5,Electronics
CUST0886,46,Male,South,7970.12,18,23.2,1,Dining
CUST0887,26,Non-Binary,South,3666.46,15,16.4,2,Fashion
CUST0888,37,Female,South,713.83,2,22.2,0,Health
CUST0889,47,Female,Central,192.91,1,60.1,0,Beauty
CUST0890,36,Female,West,4769.11,10,10.6,1,Electronics
CUST0891,38,Female,West,5644.95,12,19.6,0,Sports
CUST0892,42,Female,South,4822.11,12,8.3,1,Travel
CUST0893,26,Male,East,812.78,9,23.5,0,Books
CUST0894,46,Female,South,3994.76,17,8.6,3,Dining
CUST0895,50,Male,North,667.42,2,53.2,1,Groceries
CUST0896,54,Female,West,12129.45,20,6.6,2,Books
CUST0897,32,Female,North,5429.16,16,26.9,1,Home & Living
CUST0898,30,Non-Binary,South,86.86,2,55.9,0,Dining
CUST0899,24,Non-Binary,North,1127.05,4,22.8,0,Groceries
CUST0900,38,Female,West,7320.89,16,26,1,Home & Living
CUST0901,39,Male,East,13124.87,23,15.9,2,Books
CUST0902,31,Female,East,3002.68,15,13.4,0,Books
CUST0903,46,Non-Binary,East,4521.48,11,21.6,0,Beauty
CUST0904,33,Non-Binary,South,516.79,2,18.7,1,Fashion
CUST0905,40,Non-Binary,Central,1064.66,8,17.5,1,Fashion
CUST0906,42,Female,Central,6626.03,13,6.3,0,Books
CUST0907,25,Non-Binary,South,468.64,3,9.4,1,Dining
CUST0908,26,Non-Binary,West,7836.47,14,6.8,2,Home & Living
CUST0909,25,Male,South,1929.16,4,38.1,1,Books
CUST0910,55,Female,South,14862.78,20,20.1,4,Sports
CUST0911,27,Female,South,2014.18,5,20.5,0,Groceries
CUST0912,31,Male,East,230.86,1,5.1,1,Health
CUST0913,64,Female,North,181.71,2,63.4,1,Beauty
CUST0914,33,Non-Binary,East,7825.17,12,21.1,2,Fashion
CUST0915,27,Non-Binary,South,2011.38,7,18.3,1,Groceries
CUST0916,22,Non-Binary,South,1610.64,7,34.9,0,Home & Living
CUST0917,37,Female,South,4550.49,12,10.6,0,Fashion
CUST0918,64,Female,West,194.59,1,52.2,0,Health
CUST0919,34,Male,North,17918.75,22,7.5,1,Health
CUST0920,22,Female,East,2599.34,9,36.2,1,Groceries
CUST0921,45,Non-Binary,North,3279.32,14,5.6,0,Fashion
CUST0922,32,Non-Binary,South,448.76,1,32.8,0,Beauty
CUST0923,40,Non-Binary,North,7420.24,11,8.3,0,Sports
CUST0924,26,Male,West,4802.11,11,10.3,2,Beauty
CUST0925,36,Male,North,611.61,3,11.8,1,Beauty
CUST0926,27,Female,Central,785.85,3,30.4,1,Fashion
CUST0927,38,Female,West,91.49,1,16.8,1,Beauty
CUST0928,45,Female,Central,2939.29,8,14,0,Books
CUST0929,27,Male,North,1883.23,8,42.8,1,Dining
CUST0930,36,Male,East,4016.2,10,33.7,0,Electronics
CUST0931,38,Female,South,3720.56,18,29.8,0,Groceries
CUST0932,31,Male,North,2330.77,7,11.9,0,Travel
CUST0933,25,Non-Binary,South,3394.89,11,29.4,0,Groceries
CUST0934,33,Male,South,2886.34,7,33.9,0,Sports
CUST0935,50,Non-Binary,Central,219.24,1,30.8,1,Travel
CUST0936,33,Male,Central,4136.35,12,20.6,0,Home & Living
CUST0937,44,Female,West,3918.29,18,29.5,3,Travel
CUST0938,31,Male,North,7015.89,16,8.1,2,Health
CUST0939,31,Male,North,5707.3,11,27.7,1,Home & Living
CUST0940,26,Female,North,7882.34,19,28.7,0,Electronics
CUST0941,42,Female,North,12279.79,38,14.4,6,Beauty
CUST0942,41,Male,Central,6706.52,11,9.5,2,Books
CUST0943,27,Non-Binary,South,3757.54,17,7.8,1,Home & Living
CUST0944,36,Non-Binary,East,2402.46,9,27.2,0,Beauty
CUST0945,42,Male,North,458.11,3,69.8,0,Groceries
CUST0946,45,Non-Binary,East,18445.49,25,14.4,2,Groceries
CUST0947,47,Male,South,3446.06,12,12.7,1,Sports
CUST0948,36,Non-Binary,Central,122.75,2,60.7,0,Travel
CUST0949,50,Non-Binary,South,105.68,2,62,0,Health
CUST0950,36,Non-Binary,West,204.76,1,42.1,0,Home & Living
CUST0951,33,Female,West,13590.53,49,27,6,Books
CUST0952,36,Male,Central,12109.08,51,19.3,4,Travel
CUST0953,38,Female,West,71.68,1,69.2,1,Electronics
CUST0954,49,Male,South,4057.25,10,13.1,2,Groceries
CUST0955,38,Female,North,3408.46,17,25.1,2,Groceries
CUST0956,31,Female,West,6765.13,12,17.6,1,Dining
CUST0957,53,Non-Binary,East,134.98,1,43.8,0,Health
CUST0958,18,Non-Binary,North,189.91,2,34.8,0,Travel
CUST0959,39,Male,North,5602.94,10,30.7,2,Travel
CUST0960,37,Non-Binary,South,1212.66,9,44.1,0,Beauty
CUST0961,20,Female,West,831.6,6,25,0,Travel
CUST0962,41,Male,East,7140.1,16,15.1,1,Travel
CUST0963,32,Male,North,1157.68,7,47.9,1,Sports
CUST0964,33,Non-Binary,Central,8197.12,46,27.6,8,Fashion
CUST0965,31,Male,West,599.96,2,34.6,1,Fashion
CUST0966,38,Non-Binary,South,6967.96,17,24.3,3,Electronics
CUST0967,34,Male,West,7397.16,14,28.9,1,Home & Living
CUST0968,46,Non-Binary,South,9840.5,43,23,5,Groceries
CUST0969,21,Female,West,78.71,2,42.6,0,Books
CUST0970,42,Male,East,1761.85,4,37.8,1,Sports
CUST0971,50,Female,Central,8307.68,20,9.6,4,Dining
CUST0972,50,Non-Binary,South,16810.03,49,15.7,3,Home & Living
CUST0973,34,Female,North,635.06,2,22.9,0,Electronics
CUST0974,36,Female,South,68.28,1,16.7,0,Travel
CUST0975,32,Non-Binary,East,17545.3,46,23.8,3,Books
CUST0976,37,Female,East,170.47,1,16.6,0,Fashion
CUST0977,28,Male,Central,139.4,1,21.5,0,Home & Living
CUST0978,31,Non-Binary,North,2473.35,5,19.1,1,Groceries
CUST0979,35,Non-Binary,West,1078.35,6,11,1,Travel
CUST0980,29,Non-Binary,Central,187.43,2,60,1,Books
CUST0981,38,Female,Central,6969.7,17,17.7,2,Beauty
CUST0982,45,Female,Central,5835.14,15,18.5,0,Dining
CUST0983,36,Male,East,7132.61,18,8.4,2,Books
CUST0984,34,Female,South,15883.46,43,8.7,5,Electronics
CUST0985,37,Non-Binary,North,1507.11,5,23.4,0,Dining
CUST0986,43,Male,South,6038.91,11,17.7,1,Beauty
CUST0987,38,Female,Central,13927.21,22,8.7,1,Health
CUST0988,45,Female,South,3106.32,10,22.3,0,Travel
CUST0989,40,Female,East,14401.6,22,7.1,0,Books
CUST0990,38,Female,North,439.81,3,8.1,1,Travel
CUST0991,21,Male,South,65.31,1,14,1,Books
CUST0992,42,Male,North,7510.48,15,33,0,Sports
CUST0993,62,Female,Central,61.18,2,57.8,1,Groceries
CUST0994,54,Non-Binary,Central,11831.99,29,30.5,3,Travel
CUST0995,33,Non-Binary,East,5389.16,17,26.9,1,Fashion
CUST0996,51,Male,North,14702.18,35,30.7,1,Fashion
CUST0997,36,Non-Binary,East,10593.63,44,15.2,8,Dining
CUST0998,23,Non-Binary,Central,1138.64,8,19.2,1,Books
CUST0999,33,Male,West,5000.62,11,25.6,2,Fashion
CUST1000,25,Non-Binary,North,1329,7,36,1,Beauty
